,IL12A,IL12B,IL2,IL10,IL6,IFNG,HMGB1
TCGA-B2-4101,0.4624803301691161,0.09505090066240192,0.1819663846929168,0.5233463648970014,0.2409393344359101,0.6518661978499508,4.702442602180021
TCGA-BP-4342,0.2509931494406933,0.11530214041150215,0.1576595510263972,0.3998586987939599,1.3801701990999713,0.3053935861104916,4.410198568835615
TCGA-B0-4691,0.3305340466556998,0.23579898418044365,0.2857603056750534,0.4653171193648427,1.1822786200806752,0.962541263025534,4.2304748234448715
TCGA-BP-4167,0.16299628412507386,0.3392812191801404,0.1958143705691333,0.7734184104399899,0.9946571624252768,1.4696774111990756,4.383016398132666
TCGA-B8-4620,0.1882785175903405,0.04305620849462108,0.21964076036774127,1.349180046529437,5.4796175248925145,0.03909435400531668,4.584388141307309
TCGA-BP-4769,0.09814417510437687,0.04615290006341399,0.02295990783441629,0.3473915468114368,5.517385557067097,0.0,4.6328824154449615
TCGA-CJ-4907,0.1633818546752858,0.1027661639825046,0.017415300327204952,0.20307525026834347,0.29852797812374804,0.31668201317687844,4.751429825933918
TCGA-BP-5168,0.041175034005502806,0.10893847956545454,0.07420437388795513,0.3320240395135532,0.455328134252747,0.0,4.8208479940555815
TCGA-BP-4977,0.07851391908422944,0.1022760589225906,0.16943972246059208,0.4287828255491053,0.280310364088474,0.35730038706984485,4.646351059099499
TCGA-B0-5080,0.4144038229159791,0.06924982586531846,0.29570157969372457,0.6234032975255641,3.793801257914777,0.3857307458015636,4.879828588478516
TCGA-B0-4838,0.5378735677612816,0.12008473230665538,0.17861158338297026,0.20052688870566526,0.2582404435654949,1.3469813643232098,4.818097606536975
TCGA-DV-A4VX,0.050709401566680384,0.0,0.031027283360151037,0.2291925586184824,1.1447178233350015,0.2627026567818335,4.5530086725980725
TCGA-BP-5191,0.15619153787226908,0.4200036547089557,0.5376878435315247,0.3727448659740031,0.2933444064386166,1.0491103371931076,3.4803623147354825
TCGA-CZ-4862,0.4767367902781993,0.5441002803353485,0.08337168910495013,0.9907589457423024,0.7261610217738876,1.8789734494079369,4.741323796332184
TCGA-B0-5697,0.08600221789063232,0.032372090575351745,0.0,0.015152647169341603,0.4788840688879795,0.02452749637351663,4.495034808949608
TCGA-BP-4758,0.3445556541713403,0.3516003983480029,0.035933338755891865,0.5283624342140124,0.8680673492692854,0.9462060770029662,4.330322139136824
TCGA-B8-5552,0.18647584547526214,0.17476081338170368,0.056192041917284635,1.906406786788152,1.861957800781312,0.2856237763239263,4.850370969111588
TCGA-BP-4968,0.14931450873961566,0.317814975891642,0.15954592591803904,0.6002643482039965,1.1007811895804869,1.5944058973585893,4.895667947187492
TCGA-CZ-4856,0.0855003767266973,0.0,0.06284451316569027,0.4154754767936753,0.1405690597067315,0.3047443608985788,4.710040526765635
TCGA-CZ-5454,0.12413830285848527,0.021129610559118963,0.0,0.19428653005003044,1.4912470779233409,0.03574089572956272,4.653807920517417
TCGA-CJ-4634,0.1529349269485772,0.009140561990858144,0.0,0.3998680062436775,1.1180067527537938,0.1941838767445864,4.761498382214316
TCGA-A3-3378,0.07657358299784972,0.14217350722134486,0.02033727672768515,0.8885539016988879,5.899818122327512,0.9358257454804056,4.4339546933522085
TCGA-A3-3365,0.2851540903766223,0.18955244220769926,0.04913511348787618,0.8508523496528559,0.5450394346397728,0.19311372672640628,5.192771617363229
TCGA-B4-5834,0.3193604042939701,0.05046352687790466,0.03575776264433005,0.23567921646165585,0.2915394370063884,0.2857287332087944,5.0854223560250436
TCGA-CJ-4876,0.20542530120774768,0.03787924443227076,0.04658972821217757,0.15238374634666565,0.6075286441996666,1.2552200520020529,4.883542319062999
TCGA-CZ-5458,0.3625796964074901,0.05157851336264176,0.0,0.03619150645189816,1.518619593338196,0.0,4.804182714229423
TCGA-B2-3924,0.39262459881094497,0.06518655916016355,0.0538263290782996,1.0681781648462942,0.16781799170818046,1.5635342914024204,4.73818126449079
TCGA-BP-4962,0.06600808837082993,0.03521236533194412,0.051828567792265,0.4854928389003581,0.15329008701310007,1.1584516687779836,4.181499670745225
TCGA-CZ-4866,0.05552651141610895,0.015600180318764994,0.025572321331998143,0.2227197642585628,0.5643957262466296,0.06941276720206058,4.261304628754347
TCGA-BP-4177,0.12085141306020394,0.1613826811788946,0.0,0.08416877771069538,1.098628323581362,0.017487810945730663,4.572498725054516
TCGA-B8-A54F,0.10854923907628493,0.020675479584348608,0.32112580687958564,0.4031277000042915,0.9005616137856338,0.17744683540368994,4.804632909991586
TCGA-B0-5113,0.3179107615659115,0.22105867309279406,0.2517689216560408,0.6789351888505957,1.340316934450571,0.7976029366081411,4.530116028962994
TCGA-CJ-4642,0.0,0.41704545969052015,0.0,0.0,1.6437028820916195,0.6506404239313063,3.795134528807308
TCGA-BP-4986,0.1896559519421649,0.05999937192568775,0.20332166552317066,0.4598625530987435,1.2388108223937957,0.16047253589245355,4.693433531792664
TCGA-A3-3346,0.1449874865287799,0.06773474060847222,0.042156270377293005,1.081005891663506,4.866346583371231,0.6401125930911427,4.117177972718227
TCGA-B8-4619,0.1774554330541528,1.4027409331451592,0.022769313768766862,0.3950375935883406,0.39871217519693897,0.02093196436997712,4.238010930407366
TCGA-CJ-5672,0.2314524734069137,0.055974812884128484,0.01749665793231898,0.13308755682230836,0.8573379686409675,0.016082411774519526,4.5396563354088215
TCGA-AS-3778,0.16418917033306665,0.08321078622653642,0.041662439533394505,0.7265888990989433,0.4399315222912065,0.03832064484409181,4.4061963823965336
TCGA-BP-5007,0.2275814057349005,0.10534265960647746,0.01786527468909312,0.2513548164469206,0.11219061081008387,0.5210548290549044,4.652215873749821
TCGA-B0-5097,0.2404802951116493,0.08057148656721791,0.4121601010305061,1.6374870815629718,4.6878492992535055,0.2309401016318897,4.634053029387839
TCGA-B0-4703,0.2280640218739281,0.1327884942647419,0.1621341778582419,0.5318493534314198,1.1042477983568864,1.2424007722872052,4.8552072056059
TCGA-B0-4816,0.12636715233137144,0.027613787117723217,0.08352244425152804,0.44800931795198656,0.8319515475701336,0.1356182256273029,4.813347518849504
TCGA-BP-4330,0.3856881877627141,0.4506240950509585,0.19702932443377397,0.5376006462891305,0.13845934425435874,1.5024779684565648,4.556365902992275
TCGA-CW-6097,0.263036433142306,0.4885349916367631,0.04704520241596392,1.1252335332203158,1.6058224992604986,0.542791385273367,4.442787415044716
TCGA-CZ-5462,0.1105405038348966,0.026285550622219468,0.0,0.02932167229219085,0.5616987311352911,0.07041073007400853,4.976267004054988
TCGA-DV-A4W0,0.22539673307678754,0.0,0.022067804279900658,0.10899885887588846,0.3316240931599904,0.020286665379679426,4.883498125963789
TCGA-BP-4325,0.3725665585383581,0.07006230870489898,0.021973906947044416,0.6535639963289684,0.4838110159849238,1.4511884558643398,5.0229420160022125
TCGA-CJ-6031,0.12152969238790355,0.3269244191839931,0.1111811174379072,0.8844004128651429,2.2668939170169304,0.5759613719635268,4.676129215054171
TCGA-B2-A4SR,0.28971387022013084,0.3178622646764478,0.11698674561933292,0.2052830899558239,0.5061832999060953,0.3554298534170158,5.0428587340218565
TCGA-CZ-5453,0.5129327855500241,0.019939807085075947,0.0,0.1756957740239441,1.1340856225211111,0.04481079134992008,4.894564340716286
TCGA-BP-4337,0.2325373179549351,0.08154690104208717,0.3992822170708059,0.5189540164802939,3.0110922801973015,0.12152011898188085,4.313357133130365
TCGA-A3-A6NJ,0.4858905682093976,0.06635988360960945,0.0,1.162858615593,0.8540926703993341,1.21795398014269,4.678638350709634
TCGA-CZ-5469,0.2000215178972992,0.06458417384285192,0.0,0.08067997422354947,2.4408137541544725,0.0,4.600423112684844
TCGA-CJ-5671,0.1293259640925773,0.2188209950366565,0.044164131298917136,0.896625625877983,3.3735776306604524,0.6253828107015387,4.512646772595043
TCGA-CJ-6032,0.1102659037976567,0.021012650067536318,0.01730434972229618,0.3170150234010481,0.5233135498518515,0.5071745208029578,4.623932347428301
TCGA-BP-4804,0.20873463437195586,0.4558691691680732,0.1207817656095185,0.5429617617419682,1.251827582271508,1.5682951006625259,4.596085410659273
TCGA-CJ-4891,0.2430396517175105,0.032234678585623934,0.01996877586081104,0.7670154864026062,1.3857788404164058,0.1573569678553487,3.8001696016051385
TCGA-BP-5184,0.0429030675724797,0.052653252862705925,0.02622332439028213,1.1801406505556882,0.2370373443544356,0.22468124770875167,4.81035624778609
TCGA-CJ-4903,0.165726258767957,0.02706231050340082,0.12887504321308102,0.6552324045630806,0.9756391360882312,0.6594306812918952,4.508015046991472
TCGA-A3-3311,0.1796262216946294,0.16315909396565462,0.03823634539495576,0.6644563012055467,1.6079264000467848,0.5546575658363547,4.564617432232856
TCGA-B4-5844,0.13062658856168846,0.0,0.022483302930292944,0.0254127556436332,0.5860991017122062,0.10050463971614396,5.093347996553224
TCGA-B4-5832,0.1391217275054253,0.07874481518436464,0.09654331963381924,0.1602214428252526,0.8367705043543652,0.5311521218902446,5.679172789119964
TCGA-A3-3326,0.2718528307461637,0.2803531534460935,0.10514816716799212,0.4245687023885951,0.05781789475571384,0.18766547366761246,4.715459547305094
TCGA-CJ-4869,0.2425630660369663,0.3340418013564522,0.3748454544550941,0.3947549514223043,0.8283023005969059,1.4529784288299885,4.69945620696654
TCGA-CZ-4864,0.2531392878723244,0.1911989285546456,0.09751853781318327,0.6721342586272994,0.08819104974794502,1.4400306072657836,4.987479250132215
TCGA-DV-5568,0.11673596841806184,0.09558371579600604,0.04366514590545486,0.5293665739645105,1.0217718097586046,0.5792275028982656,4.524213736643086
TCGA-A3-3349,0.2285528473632194,0.02018925264245932,0.04931232799366201,0.4373123346931902,0.5090700714229346,0.2529870521232236,4.877861759686561
TCGA-CW-6090,0.14884297682543413,0.06373556695646718,0.03529481467636258,1.6199297081208195,3.700611301364099,0.26876823813222234,4.642991481275171
TCGA-CJ-6027,0.16907064435236965,0.12679547081417245,0.020294866647294543,1.2645536976524308,1.09870999255701,2.7748081544026126,4.7076650538224225
TCGA-BP-4768,0.07888382123631492,0.03696438138693155,0.05439188016642693,0.5424581834846642,0.24734220169140794,0.2199903556772249,4.2064570438803015
TCGA-CJ-5679,0.04276178172185369,0.0,0.0,0.11468444563922944,0.9407513706638334,0.07092061839242579,4.019017660972959
TCGA-BP-4763,0.15348597676681988,0.13185302879046634,0.13020802943181956,0.4300893265172949,0.689745487527345,0.4298544305833192,4.722083048006148
TCGA-BP-4159,0.05780798857037714,0.0,0.0,0.13075982245911966,0.4465634612284927,0.16327927673940126,5.170244575338348
TCGA-B0-5092,0.5188284417524279,0.3839394212749127,0.1266352835057974,0.3680990264753757,0.8902133054511725,2.368433117739828,4.579334565960551
TCGA-G6-A8L7,0.14189315903779515,0.08900424226313641,0.0,0.07491063185369816,5.116699836228265,0.6034122311875882,3.8534333206497777
TCGA-B0-5709,0.22381183694130635,0.17524820169984545,0.2677845259520751,0.9541893663732668,1.808437124050211,0.8637690228652882,4.666367938076762
TCGA-B4-5378,0.1062303963984397,0.04375781711238658,0.0,0.19318596056084106,0.6367138361166855,0.11295665340403065,4.7958052764227785
TCGA-G6-A8L6,0.5220599078721155,0.07307878852575639,0.03652534506551682,0.2667290351376729,1.1417425310634308,0.19072778922540806,4.9334550213508335
TCGA-CZ-4858,1.100935938599776,0.12752093038316448,0.0,0.6917308414892335,7.094911295617568,1.8714095590219173,4.668217805698187
TCGA-CW-5589,0.08463342497445794,0.0318474175311412,0.0,0.03332365064391217,0.2820796165285069,0.0,4.484999746009027
TCGA-BP-4975,0.07878788576701848,0.04287108887872378,0.05270865840990407,0.5175696085651547,0.8877426400479433,0.1296277694805856,4.568181028032521
TCGA-CJ-4908,0.3595615930383754,0.09048638128602823,0.0,0.3772435297526197,0.8775137007645585,0.19752558535019746,4.8188684761031295
TCGA-CJ-4881,0.16922563567547366,0.10064178983665194,0.11240849475134827,0.5802290418002669,1.6621878931374927,0.3593992365197556,4.481713859037625
TCGA-BP-5198,0.1026899223467254,0.00784257493410458,0.3739385677631221,1.2946908221570967,3.5636041869543,0.1680794765210051,4.490605046491017
TCGA-CJ-5677,0.07554970722457086,0.08735691875448183,0.0,0.15172284130593822,1.9913438486023447,0.036647214938108325,4.294233283287335
TCGA-DV-5574,0.3376501548926996,0.07815525421157221,0.039096975965049685,0.9211239030246212,2.268522302712085,0.7817993395168803,4.866228424693548
TCGA-B2-4102,0.2135955277687473,0.2835555148925463,0.02192203018785086,0.3132848146796651,0.10370368599791116,0.3256177533819479,4.649318280118061
TCGA-CJ-5678,0.1076238779802496,0.04070067794333985,0.0,0.20385499212912966,0.3242458486198205,0.018594710994048937,4.158165185110496
TCGA-AK-3456,0.10070045285664313,0.0,0.0,0.2786135046383237,0.057598329034467766,0.024741840929558702,3.959214106702407
TCGA-EU-5907,0.06798183645451528,0.0128009137944389,0.0,0.4575546972896452,1.090757678218225,0.11211506191666123,4.7353206477243015
TCGA-A3-3372,0.2269512695357358,0.17104281289471762,0.0598412174529306,0.5647966837025155,0.3589556268592315,0.5654744140293533,4.608799618915562
TCGA-CJ-4872,0.2969752015788916,0.07369776864128302,0.2985375791621749,0.5965569533226975,2.15392617831292,0.8731381299476214,4.929375168819585
TCGA-A3-A8OW,0.3358984102071838,0.0,0.07204769724495423,0.2663793221263345,0.1151472797817359,0.2863435804230059,4.933436292557774
TCGA-CW-5580,0.06796007315565272,0.07513124198406393,0.07718515525060209,0.2987429573683817,1.0329915022124914,0.01449546932725861,4.71619369754563
TCGA-BP-4992,0.3118659348446349,0.3651521867747706,0.4386383430385307,0.2870698099516312,0.5793364714953606,1.0940871888950645,4.474333546434625
TCGA-CJ-5683,0.2873353542645527,0.009755247385184284,0.0,0.38189916179342015,0.9572551836657422,0.1870311636582513,4.7308218354430185
TCGA-CJ-4878,0.14163648722683506,0.0,0.1158078785252886,0.17636256998457345,1.2294836379779612,0.08078188182043043,4.965156325406589
TCGA-B4-5836,0.12667951387588502,0.0,0.01997660364665915,0.20147078842238653,0.779378854035335,0.3436971215825658,4.775486791750498
TCGA-B2-5635,0.20671847343178748,0.060304763236123736,0.0,0.3539511206237785,0.1800373516837054,1.2936230709303296,4.838248826279417
TCGA-CZ-5465,0.2771280785769955,0.06925992286538424,0.015827326878548844,0.3286774870532046,2.0195662774525336,0.04320919632204492,4.86191280405805
TCGA-BP-4162,0.24069298531238345,0.3258360989250405,0.05210581072639103,1.1074968883432668,1.81807507229256,1.5151737378802173,4.7823204332273415
TCGA-BP-4963,0.10814943160019952,0.17189410328756358,0.040377783651601,0.590524699257444,0.4362331740649337,0.3927713290469853,4.73079667694091
TCGA-DV-5573,0.2545068240892679,0.2344854200966073,0.07072658168654652,0.5594921932571159,0.8384029656999941,2.1921379631825384,4.919638212566574
TCGA-BP-4341,0.2361188422848769,0.0,0.022100634406587008,0.21063131849641328,0.6332256616588017,0.07960519040865989,4.6341219914466185
TCGA-B0-4837,0.17582963486609965,0.02737116590505819,0.13029477272630102,0.5316568705898893,5.396316506653495,0.12013275831596072,4.493514703872206
TCGA-A3-3387,0.13093627631756494,0.07586959333529908,0.14611203012158985,0.5679083743982846,0.503779590322267,0.15076777361056046,4.805476580746156
TCGA-CZ-5456,0.1599793110835448,0.0810189233859258,0.11838197236314628,0.6823348715607522,2.337616121947538,0.07365196220932238,4.240660401202355
TCGA-B4-5835,0.052164845250168256,0.03234139354079772,0.07852346274268697,0.1800304890792828,0.4468224430622103,0.1411455186122211,3.787855010575452
TCGA-CJ-4888,0.3140075282939305,0.0365604066988811,0.2198959561842029,0.5864579641170673,3.7996925272734936,2.113656613234129,4.672558104111377
TCGA-B0-5705,0.2765428273662286,0.05161774921317205,0.0,0.5507805100118816,2.2415527242666844,0.016918566572704796,4.174396009898124
TCGA-AK-3465,0.05306775988995992,1.3877800645112075,0.01957595702036005,0.0,0.09288163146122183,0.03576769117522687,4.394237883280732
TCGA-AK-3461,0.2871343116869657,0.09096612933467878,0.11142204549883412,0.30856183786636426,0.6255685561885009,0.7022262729044322,4.8912812722770616
TCGA-B0-4694,0.1867667593893038,0.11026338125360174,0.07859909056306652,1.0154634368293665,0.8193753297428371,1.6834562549533625,4.765766143286983
TCGA-BP-4173,0.4605803950757691,0.5895007245288092,0.11630656353647845,1.6925663030784546,2.114315818254926,2.287567725828936,4.680744737135293
TCGA-B0-5083,0.0947623012783841,0.6002141172677771,0.07456392921210495,0.4115153680609877,0.4268035688713478,0.17625924804255194,4.077085002473821
TCGA-B0-4810,0.2398487177094621,0.10082541520283868,0.11427841355595712,0.8670082129068233,3.3206276858998685,1.710171686901934,5.016176410038852
TCGA-B0-4696,0.2092518374191992,0.6643714028202565,0.0,0.22956295036789764,0.8233445837599371,0.0,4.754495859154675
TCGA-BP-4989,0.2924363731357406,0.15796998418162836,0.15279811045198136,1.0380215937336557,0.2566505277377117,2.656084584831534,4.911793988112956
TCGA-CW-5587,0.19076968972752573,0.22024169018857184,0.03861805041907408,0.9126472141041432,0.2956376177693813,1.623485205050199,4.58397778247045
TCGA-AK-3454,0.09632349404624556,0.0,0.0,0.2508319199321704,2.610190398421497,0.6582937709338597,4.559419672427726
TCGA-B0-4814,0.1769753011987774,0.1053647366899883,0.04822209122195766,0.18218638802511408,2.188127325857832,0.20931094598399289,4.6224584856317765
TCGA-B0-4849,0.16698781702218818,0.07642277895976796,0.0,0.3826561556614134,0.3404851406815622,0.1939220564084793,4.980608811520506
TCGA-B0-5095,0.3153015526250953,0.047430654635853685,0.046821743286482434,0.7732635303247778,2.9244982063183453,1.94437960685562,4.6470428844149865
TCGA-CZ-5984,0.06332982001647243,0.08513407833022425,0.0,0.470590603476997,1.9572980206687884,0.035698713300627835,4.572177800410016
TCGA-CZ-5467,0.15902621188704846,0.043189051087001,0.0,0.5385031849170072,4.251419009571029,0.016469374341282133,4.356997401049139
TCGA-BP-4174,0.049995856681591865,0.03710629629854628,0.023001401878074226,0.6365436485906364,0.948627816255053,0.6695658581065045,4.715328374140012
TCGA-CZ-5985,0.15762698155961352,0.18051061981955624,0.09190012641252628,0.8745905335543019,0.3452289734473252,0.8843839990363522,4.292965419135085
TCGA-BP-4353,0.3159144191589304,0.0957318264016738,0.06511372367323982,0.8487587365966641,1.2058445894281904,0.8184152677581177,4.6759876829876585
TCGA-B0-5094,0.11597508147208065,0.07121767128895543,0.05882768003963936,0.28658752417063704,2.185536996010701,0.5321561326404487,3.782200135504211
TCGA-CZ-5461,0.1298734654252785,0.052202507469749436,0.0,1.0326614438205934,2.967861763713965,0.026532565898404702,4.708162948779305
TCGA-CZ-4865,0.35880648647973223,0.03498271674408547,0.0,0.5142563177358461,1.5879251225395592,0.09700113178405613,4.7499359034458015
TCGA-CJ-4644,0.12388787234124955,0.0654018247436668,0.0,0.4637897378928759,0.16835300829126865,0.9936384496596904,4.7908494350561694
TCGA-B0-4821,0.4905844060976548,0.06747344244449698,0.10277409950601547,0.17032594295939835,1.5679047615541335,0.5201888652760291,4.650169988883656
TCGA-CW-5588,0.08471785687556664,0.12349843723705205,0.022547198847309227,0.8848185573021508,1.0696635218315655,0.1201210965308111,4.549569808842016
TCGA-BP-4965,0.15813376907727816,0.07327104839070461,0.0,0.29085390572919306,0.2673655064983716,0.203944850248136,4.981522148531574
TCGA-B0-4843,0.1981236479670675,0.08211057102504983,0.0,0.0977058787884755,5.306898545086144,0.15548072429794285,4.723285047921407
TCGA-B0-5116,0.14134960013711353,0.02510160708378274,0.04106153674891923,0.2680264524884597,0.7940013793081633,0.2294719998255677,4.624817073702997
TCGA-B0-4690,0.4647333173974819,0.12909122233425407,0.08098445912723501,1.2460512082193969,3.839042834489432,2.662471769946053,4.775164601708045
TCGA-BP-4163,0.09565039569986654,0.16114723261969635,0.05887756768326829,0.3189642370936259,0.3452202981531109,0.2054889726271448,4.3590814687087
TCGA-AK-3436,0.07455321930535487,0.10008965883444014,0.13314994546508002,0.11376165332735876,0.02493025625269462,0.04209651675427194,4.530203659219227
TCGA-B8-A54I,0.16746749160559424,0.035346142965148486,0.2920648286456961,0.5924197060170123,1.372235398198598,0.5907324718378953,4.135247934503563
TCGA-B0-5121,0.10628002642069916,0.03657388732446664,0.05382068700170471,0.08044216724134264,0.3416983172632761,0.20329291993207765,4.604510849003431
TCGA-CZ-5989,0.5766136126139816,0.15024137046016647,0.11546674396747587,0.8108346930555638,0.5367077219742336,1.6956227333651075,6.112037316321832
TCGA-CZ-5987,0.13787412114868133,0.03953942020911514,0.09566496330571486,0.2080663519923663,1.531579883135731,0.02997597938555526,4.899504247389488
TCGA-A3-3382,0.2436499571021752,0.10792820321686107,0.17348139808131652,0.5907249768328375,0.9181959953906932,0.3042560710841667,4.4743313979303005
TCGA-B0-4706,0.1620015703212534,0.03339089101584315,0.0,0.1772597945797311,0.3922738338865245,0.8765394244491069,4.653320341698168
TCGA-CJ-4916,0.3526925567276069,0.16321355864158912,0.035100644095652264,0.9769715414983888,0.6286520650485821,1.7886750219324143,4.546399771454036
TCGA-CZ-4853,0.11507053268996978,0.20035851501823485,0.0759553811499095,0.15861210247212942,0.16709628545443464,0.2968490583368273,4.325464781772508
TCGA-A3-3367,0.09742496158509677,0.033458922905449696,0.2310346841629028,0.3506190207801951,0.14594541292120033,0.07476108919831465,4.777024159297583
TCGA-B0-5699,0.08833441916079486,0.08177137008322419,0.060969915593123536,0.1972650874955061,0.02228153538402848,0.056109310694706996,4.777548680354472
TCGA-A3-3383,0.15250277978481652,0.06960339656520696,0.0290306726070182,0.4151890776438851,0.07719735263112038,0.4773233788862629,4.922696590361942
TCGA-BP-5010,0.16674276045667707,0.07424106810699617,0.3126381522010538,0.2882202209245537,4.767368215060556,0.4426664910028865,4.386978852183818
TCGA-B0-5117,0.05272898459320037,1.1620100696555853,0.0,0.06762475101771771,0.3403902075235103,0.02231362383671608,4.207920930444861
TCGA-CZ-5988,0.21440516881053748,0.3276669501048602,0.0941113173819236,0.32679871548484496,2.442434711371786,0.3429618895889885,4.688639672816205
TCGA-CJ-6028,0.41632109074672535,0.2657074992834568,0.052361009060234685,1.446271097365078,2.3385457496848177,1.9135860359020864,4.805905613361405
TCGA-A3-3376,0.19187289465744012,0.03457330311138642,0.04253471711941855,0.9493540258322972,0.4162416559726044,0.12648693427726673,4.877950768263212
TCGA-B8-4622,0.07183111246588561,0.02160414367815067,0.026606536828977425,0.3960499182063805,0.27668027622153496,0.07217625445910521,4.8635784860194295
TCGA-B8-5158,0.07416421081955846,0.0686290750722035,0.0677543454956124,0.5006326676277717,3.4947087016162217,0.6546958320968501,4.491971389792965
TCGA-B0-4945,0.1123392431861282,0.052965998076588,0.1027456620403716,0.1157229168927564,1.168366399984245,0.3072581681813891,4.927829208046262
TCGA-CJ-5681,0.13728969541300906,0.09273412693534926,0.0,0.04389026484597377,0.6150048409925388,0.0,4.494770872115078
TCGA-B0-5695,0.2426583441244455,0.03571202536313444,0.03525172382774434,0.1348182646525015,1.5090208229976592,0.16990950417773312,4.773914184923926
TCGA-CJ-6030,0.35756934251944505,0.22056211746040885,0.1948754818102557,0.8326785509603383,2.1808134436478084,0.8064512682415387,4.87642489131567
TCGA-CJ-4889,0.32735451343256955,0.248772941005924,0.06147616669117914,0.5456868032223967,4.083661055528138,0.3858451495104627,4.643874220557003
TCGA-CJ-4920,0.3391977801604648,0.0187137126316458,0.11174501698467,1.4006286008335949,4.841755764027843,0.1029785592442205,4.702982960178435
TCGA-B8-4143,0.36659771905893057,0.13651354746714112,0.053352281640907946,1.1402318098358364,2.9320888688677385,2.547342292541084,4.743271394775178
TCGA-CW-5581,0.09267682752846496,0.14917622504310182,0.09382614680344104,0.12596229046368546,0.3269965536675584,0.24513633986176475,4.2840231621002784
TCGA-BP-5169,0.3316839590040759,0.10437526527222664,0.04776034950878397,0.2398818521880884,2.231262751333088,0.4553108947549457,4.1367882622650605
TCGA-B0-5712,0.15437368064741602,0.02387870008478365,0.03907155309416984,0.14888616211020844,2.8207212555451897,0.07099662706444794,4.82599424846629
TCGA-BP-4161,0.3143805546541905,0.3378232715939188,0.12270542931368725,0.6653217278260704,1.2093629146047944,1.3731752700508704,4.860752316155042
TCGA-CJ-4918,0.1361454698071831,0.10181351896932203,0.039498832730957716,0.6391795296247024,2.7723407473784376,0.544991453573205,4.538297553608337
TCGA-BP-4347,0.261335509983811,0.08463286493655615,0.06017544584666565,0.4063084286150255,0.2923093855457241,0.32693859690211863,4.841346297384131
TCGA-B2-4099,0.35712221744034034,0.07526476233823222,0.22054519160177927,0.6593256714166222,1.4410527409171978,0.3990852788760973,5.009444452587314
TCGA-CJ-4897,0.09038555770641814,0.05078473445668362,0.04189797208936085,0.1592315864059345,0.3816212805786524,0.2393748466409213,4.690520561105995
TCGA-CJ-4902,0.2772098830380158,0.1488684034424499,0.10446667936970533,0.6001532045747486,1.3302009571068871,0.4896473082667712,4.609740751491306
TCGA-B0-5690,0.3063171217400284,0.009308724894480723,0.045364120508991405,0.14851422550399146,0.7431098013241384,0.17895346516099453,4.99512457201496
TCGA-A3-3325,0.3337210585745876,0.017980406912625726,0.08663044329224583,1.1765750009349143,0.5434349113525194,0.05367384862634292,5.128529743226006
TCGA-B0-4847,0.3289007603813969,0.3833304709228171,0.314464694677632,0.20070991224344487,0.1644581661256177,1.4010101025995099,4.6383621984407695
TCGA-CZ-5451,0.1231997807531265,0.08208851588884024,0.025819678415142062,0.24352808839476184,0.45536128562408,0.3206033466651417,4.501843806189521
TCGA-CJ-4641,0.16200855392516053,0.2742809681243485,0.3968775857119727,0.7229536889328607,1.3909230747288668,1.313367144905595,4.756816648739234
TCGA-B0-5710,0.4214783313769464,0.053256410378582295,0.2074436117874704,0.1890006661160392,0.1705068360818192,0.22710685180649315,4.889668599543133
TCGA-CJ-4899,0.19946915086092765,0.13206482359912575,0.047942290566882484,0.6597736059627295,0.8706229890307084,0.1420559277140824,4.753666206062234
TCGA-A3-A8OV,0.2398933673204447,0.010673570972530971,0.026194191685816503,0.2841253181847262,0.09675571936147916,0.2654322743525289,4.7785548625447465
TCGA-CJ-5676,0.1370274425205321,0.04186990084970557,0.0345245056408554,0.14111906452501818,1.6424682323937736,0.03174896893772984,4.509339200892914
TCGA-MW-A4EC,0.2621977313273249,0.15341229025515166,0.07300596814516094,0.2929321974236962,0.2475059858270448,0.1103346420026846,4.888331991413008
TCGA-A3-3313,0.21651976709868315,0.0,0.0,0.2711452726591257,0.2874481579813548,0.07266659142586626,4.123561178593121
TCGA-BP-5199,0.3052382544383493,0.36372181196299935,0.07112518251731878,0.6719508858113202,3.235449325751505,1.73179395082122,5.031850835295306
TCGA-B0-4834,0.10446414450415573,1.9807069582120544,0.0,0.060776684345247835,0.16787691612188946,0.02002206230743396,4.2161256280941055
TCGA-BP-4994,0.10469114601823874,1.3089632387081391,0.014070686959750537,0.5240809912814229,0.6285104157088193,0.2822616339555766,4.240404487094304
TCGA-CW-6088,0.15384172978946148,0.021013807511588288,0.0,0.2523548544483624,0.25797077010150443,0.13721309228124318,4.9151064248606975
TCGA-BP-5185,0.03404744195177538,0.0,0.0,0.05233749870641476,0.2632023698642608,0.11102333167025018,3.615481216066736
TCGA-BP-5196,0.7217639407858565,0.27715315113519395,0.06503633931205595,0.9936933166472042,1.1301091910283323,1.2447333999317751,4.368485344285781
TCGA-CZ-5452,0.1211875184025785,0.3589920702984927,0.3014347728585712,0.6403349545742701,0.10908879459732868,1.4583220596247195,4.322804083566856
TCGA-CJ-4882,0.2654583217921404,0.4984240514334721,0.4059506472705987,0.5755402708916745,5.240860449061366,0.657359999869797,4.649125224882751
TCGA-A3-3351,0.3355957196667645,0.2095083504997836,0.15079624708128056,0.8970593909988649,0.17519082501213992,1.7991061836565638,4.7654135182620525
TCGA-A3-3363,0.08192648364742572,0.04597279272547655,0.09298712116038653,0.6461218846795316,0.2388306890395744,0.11853361526472846,4.734582825726445
TCGA-B0-5691,0.08884636546228109,0.05317488390318435,0.0,0.4917654465153466,0.5118503969847505,0.2003060558868606,4.7037774292097385
TCGA-BP-4770,0.2484406562191141,0.04599935689814723,0.03257984704044965,1.7778387789968604,0.8051521575732905,0.1575705126014959,4.149734478287132
TCGA-AK-3447,0.015266518497661263,1.2952069304625962,0.0,0.031314959453644896,0.044697759373737794,0.0,4.425072426891666
TCGA-G6-A8L8,0.17111088280133213,0.07625005151138545,0.054169754651328166,0.10535463216921556,0.19516293159977252,0.07413172130708362,4.870690159176895
TCGA-BP-5001,0.2391287950414805,0.1477367144833983,0.06619452347462347,0.20228003944382625,0.6713019135316348,0.5173783712888775,4.492103776001378
TCGA-CZ-5466,0.05239714498896027,0.07677240838109232,0.06786339710991983,0.2780167829185228,1.4348718144146833,0.06246504308482021,4.7236205313742
TCGA-BP-4998,0.2452961242292004,0.2912089211278832,0.10947852525496342,0.4059347823306366,0.686278777783581,0.6594144380607339,4.692181035321285
TCGA-BP-4789,0.15257100043005675,0.05444875967575138,0.038597128698477125,0.4602852478158687,0.4350441536728464,0.05292502735185843,5.048899972135351
TCGA-B0-4688,0.2199503659094449,0.026095902119876054,0.0,0.5695776416165033,3.682334380581648,0.09620832686833897,4.340169928408169
TCGA-BP-4160,0.3379034447898058,0.3644242382093742,0.03607855881915527,1.248098028097957,1.6301492621056508,1.9316979905325475,4.891130961824857
TCGA-B0-5108,0.3982381479671763,0.0646493966911077,0.4956154309466427,1.2959504431801836,5.51893609512903,0.7444096949297184,4.487562187830749
TCGA-CZ-5464,0.2286029704213381,0.6014197923193718,0.10062114792054123,0.5690722297484148,1.4465146047369153,1.2790667371432782,5.065767224723727
TCGA-BP-4969,0.1314544313029927,0.007801120989694985,0.05676969920271796,0.240789066399804,0.5128732615479665,0.16723833470404506,4.4766384503640655
TCGA-B0-5106,0.1569979932231466,0.06452226633640494,0.1332116732277623,0.2747381899927325,0.8774068558224727,0.7239632998764982,4.6244283642872235
TCGA-BP-4777,0.2290209006402353,0.4355761017362305,0.15581387233374874,1.4338847042058205,0.6370498531591893,1.340508296838104,4.8230024746129265
TCGA-CJ-4875,0.19569996431404896,0.07051685126805439,0.07446517059895258,0.4746353733415701,0.3526875929048941,1.4260271539488771,4.960212204899895
TCGA-BP-5170,0.1400109014212244,0.07691978336089424,0.04793019706682145,0.3420396712396521,1.9787335716870984,0.022215096679570227,4.317023671432842
TCGA-B0-4712,0.034959098738454104,0.025911382993867454,0.0,0.07120413725532485,1.5109997985607473,0.05808232732292281,4.564872331195331
TCGA-BP-5176,0.06501782070575053,0.03467855120504662,0.05104727664380114,0.1837552308075768,0.9130806999443599,0.1793288508663975,4.4057002785828985
TCGA-CW-5583,0.0876380864528681,0.1479231600743474,0.01818727955464813,0.28981573224435186,0.3420866833830636,0.246689900507794,4.7319425820547885
TCGA-6D-AA2E,0.01676683004561895,0.0,0.1460747696528088,0.3116446561725998,0.8255663366773653,0.05541438871688355,4.263220446683328
TCGA-BP-4327,0.1565242365846206,0.037105418144166534,0.0,0.11346621437886355,3.343745876636287,0.10275555444130853,4.595211665325764
TCGA-B0-4811,0.21110395470405866,0.2322161137887392,0.02057442505131343,0.1763357814408762,1.012669337024862,0.5081915780722059,4.70335288117047
TCGA-CJ-4871,0.04394922404796711,0.04862930274976846,0.05976107196813791,0.2035552098656357,2.684533534808736,0.1422365733905673,4.888673438636794
TCGA-B0-5109,0.5314003752673561,0.06761782870378316,0.0714078119200678,0.33153414356603456,6.418269688188403,2.8849021625987583,4.7861942087197455
TCGA-BP-4352,0.2726701160137341,0.13595015597095902,0.0,0.14702178139907082,0.7432857870574721,0.13692034390120614,3.9341307256409563
TCGA-B0-5694,0.06569642812506601,0.012362584275390458,0.0600032769748267,0.2536281678387661,0.5339478561491067,0.23336448019530515,4.5351619184971135
TCGA-B0-4818,0.3061823292091642,0.08676600788212634,0.07808582095816995,0.2778406164090372,0.6795082676900548,0.4411346605883978,4.867114980127129
TCGA-CZ-4859,0.10071562631689568,0.03176196424457969,0.015761176693856373,0.1448858040125497,0.15429626807994853,0.057093170767703434,4.828107366100207
TCGA-BP-4999,0.1462441716951577,0.06438030713489304,0.02923780406352825,0.4240276166668433,0.054853967772220034,0.05327486571530282,4.741754729538483
TCGA-BP-4985,0.21593215772674346,0.04740141298606435,0.06639149977372569,0.4218995414275463,1.2089758325557136,0.14817440315625915,3.9339021005260095
TCGA-AK-3460,0.12400364711618395,0.05366071835104902,0.06591816872839955,0.17918018848948786,0.12233719807250013,0.22873106706418714,4.8406721174086185
TCGA-B8-5546,0.10597222758572776,0.02302846976093324,0.0,0.032043794752645106,0.060660970596612684,0.02607321722100788,4.358180397381914
TCGA-A3-3359,0.4221630517980965,0.06639027127383541,0.08147436691929415,0.9164242913706953,0.2991621377573385,0.80510336568534,4.767604569707396
TCGA-AK-3445,0.3291528008704685,0.12550449070594394,0.22427942781244234,0.3622768589085964,1.2900402853079238,0.6633469039592091,4.316280973268565
TCGA-BP-4982,0.27789974172840753,0.06328816727611218,0.015875513675823048,0.4860618766742275,0.3908706453190354,0.2547682359377447,4.716384717909382
TCGA-AK-3426,0.8306343430166813,0.2695377787810824,0.3258776218739909,0.6670420282253896,0.3802194212551992,2.420585629064716,4.4526646520561055
TCGA-A3-A6NI,0.14310207166553415,0.05864414767586794,0.06194188218432362,0.4565674452820301,0.5832871910701812,0.11184352696789973,4.59849887123518
TCGA-A3-3352,0.2333647028252744,0.21176228436579453,0.07040657050768395,0.4696652948875058,0.3757759023641985,0.2656396699478238,4.920355384646356
TCGA-CW-5584,0.037970678381691735,0.0738823469712984,0.02319312581270876,0.19747695443227412,0.8808313701993785,0.1623535800989083,4.574198028172433
TCGA-B0-5084,0.1664528583095038,0.03784099285836609,0.0,0.14257155775411026,0.7793827258122692,0.3392222876247001,4.866459332497574
TCGA-DV-5565,0.14586825850345314,0.02807836605803786,0.06831532917003585,0.3288820297980448,1.2032454301967788,0.08324774383867539,4.828255290937731
TCGA-A3-3358,0.17249425605876606,0.0410658650338465,0.025469115971231502,0.1903772871731504,0.2306808888772709,0.09146525714927377,4.338843167676105
TCGA-AK-3433,0.0,0.791576123908299,0.0,0.0,0.3509717167087506,0.027852999338316944,3.9860638308981895
TCGA-CZ-5986,0.1040636637608162,0.1749819947106,0.06412793534837466,0.5863247722949204,0.3729441625904674,0.05902068446855323,4.565676182299906
TCGA-BP-4766,0.08516956245605163,0.007184659325380112,0.017662944224275026,0.4011515540953363,0.41479727085651297,0.06387307324728911,4.579429688705539
TCGA-B0-5696,0.08303682355541041,0.03123581086544603,0.0,0.1858416992874924,0.5745620367315474,0.2310025151399927,4.67580610365935
TCGA-BP-5008,0.3019334292705238,0.2516874509216909,0.09602092111448274,1.2910395501564953,4.9461139281719735,0.3963109066943665,4.647696617429453
TCGA-BP-5187,0.15057253424649916,0.2790145537480691,0.10461555674819033,0.4226360267020583,1.1150535066813372,0.4281149592196707,4.51929268712481
TCGA-B0-5711,0.23053027728589914,0.035087840977782205,0.0,0.3109842996104498,0.3882685868056461,0.047516817056751655,4.701006253072238
TCGA-B8-A54E,0.1327635715013574,0.04495849964244356,0.02789760146982401,0.24826842640385605,0.07423202367428243,0.14747565010836622,3.5553359098178543
TCGA-CJ-6033,0.21328913602992852,0.04910661371515173,0.0,0.08133435867448416,1.0445353224734413,0.04459658440996589,4.35148659884266
TCGA-CW-6087,0.11681821098645508,0.11302096480055132,0.0,0.09343994833948337,0.26099070341285663,0.03101734803387228,4.34156883981272
TCGA-BP-4795,0.06077514453976492,0.03025632630172417,0.05550030381400199,0.3820882145117084,0.9136545111271764,0.1323588564122576,4.8158115511335975
TCGA-B0-4699,0.3097705820663948,0.5136589850850934,0.0,1.2874358004304922,2.7863699991960544,1.7143750933240196,4.622485462703795
TCGA-BP-4972,0.10320327383577613,0.04666507794801457,0.012944305785971486,1.706558892695964,1.6052027319858169,0.2714293537043691,4.469730579076882
TCGA-EU-5904,0.3609978886285971,0.008394018043246597,0.17578654590087545,0.8788832595242464,3.293811645727033,0.1277556348876585,4.652306696808417
TCGA-A3-3362,0.2264886375592661,0.08786656611369899,0.0,0.5461599971750346,0.7035480396603804,0.07502821018352214,4.654468119165603
TCGA-B0-5085,0.2453313825738938,0.026695640949685788,0.10675362108293444,0.13170487048685692,1.5454999158140106,0.3586658810005318,4.323695838642991
TCGA-A3-3370,0.35169740973407426,0.25177214649777363,0.13549131080433455,0.5562060597792541,0.12268353916041615,0.8909340253665923,4.232822011247396
TCGA-BP-4332,0.16929390242058354,0.06064326603479948,0.06405094140072326,0.4966301662004346,1.660210199989863,0.18779775519611008,5.565510197729899
TCGA-B8-5164,0.2183516672141688,0.08127384105190642,0.14697034313411153,1.2963457228872772,0.12462382441847165,1.6483324436814493,4.472128510369423
TCGA-BP-4355,0.26112801224246096,0.054145429351891,0.04467964791150485,0.4673606744733679,1.8960269736305435,0.08106006872352403,4.8425285699879845
TCGA-AK-3450,0.1646313773998404,0.00917448749519248,0.0,0.11122378666383304,0.5624171881132004,0.21297336321968047,4.71259826963305
TCGA-B0-5081,0.2815123472482313,0.3117524136931055,0.3890022069016777,0.6154035153641961,1.2259337281978009,1.5643863473422637,4.7240491452099365
TCGA-CJ-4868,0.19224147465016966,0.11469749175475308,0.10332165214180478,0.7141557994437715,3.8691078211431713,0.9920690091021156,4.637613989750932
TCGA-BP-4349,0.3370911542154643,0.03263589132772113,0.0598244778035179,0.08932498004669735,0.3928097719362079,0.10808305867595933,5.0351547098009375
TCGA-CJ-4885,0.14364167829848834,0.0,0.01953477968204637,0.2355823074155034,0.3973004145893241,0.12124289092725472,4.910808245037519
TCGA-B4-5843,0.04134126287364855,0.02051174443780257,0.0,0.4433685513778282,0.20522661582558505,0.04608480764331144,4.922686678676269
TCGA-A3-3373,0.11923438693228187,0.0,0.0,0.2894181728444625,0.060013251386990075,0.02943865925441632,4.504420859754272
TCGA-B0-4842,0.12280251213004105,0.011790166608081592,0.0,0.20025752944977412,1.4605079746172367,0.7869691051554555,3.9166521834702097
TCGA-B0-4846,0.3747845821477932,0.3067895450659344,0.14053515759809307,1.1259374466150542,1.014180660185963,0.9257663066564036,4.8893089430395085
TCGA-CZ-4861,0.09257120828486767,0.11317497683079558,0.09371925981532543,1.2290575562309731,1.651544962885124,0.5176647316669355,4.592026713792039
TCGA-B0-5098,0.5020123369503482,0.029276697773307988,0.018129292846701475,0.040703832391580236,2.6349409743097585,0.2877519197890576,4.786619158419796
TCGA-B0-5110,0.2771876724346799,0.09994870643989301,0.0680135462166695,0.2958088040821686,1.4816736092326643,0.35712984727018376,4.978332076525375
TCGA-BP-5177,0.1877499223196178,0.06340290398187548,0.0,0.14731556919507213,0.5228674054176609,0.2499152447006492,4.707622204809296
TCGA-AK-3429,0.22392161734287547,0.13651476946162575,0.14016713552661664,0.9695206992636828,0.234608279829766,1.781244846802183,4.867528648041358
TCGA-B8-A54G,0.4495971488306129,0.1983261567757164,0.08488271809050357,0.7533250324813239,0.0465270794101281,2.8551300419131547,5.090097239806629
TCGA-BP-4784,0.03791584294096252,0.04655080479264912,0.0,0.35009389736949936,1.0234341516260004,0.02129086013134874,5.129693728364378
TCGA-BP-4790,0.17502366466969485,0.6389008918254906,0.0,1.2141409147999362,0.8653221646436339,1.5741063889692015,4.587958336639501
TCGA-CJ-4904,0.2948848640205903,0.15278007482881198,0.030268746027092886,0.3446917295807401,0.8363248225169162,0.34789911613078456,4.844091794332604
TCGA-CZ-4860,0.10197891557993034,0.0077864842391283,0.0750692688043678,0.5317568152361086,2.202786572325125,0.13506271462885786,3.858803171544072
TCGA-B0-4828,0.09721679040790107,0.11881266284566605,0.2771541451909134,0.1477484841649934,0.774180141221288,0.3910403565887627,4.8286835973799525
TCGA-B0-4833,0.1603600241807515,0.09431954435987508,0.16230273315943955,0.03835847201671537,0.5368414409848192,1.0202712264442813,4.780993404022298
TCGA-EU-5905,0.23943871042477105,0.10597632478702072,0.0,0.0928801279376434,0.355826785229478,0.061010046838069015,4.032884444940883
TCGA-DV-A4VZ,0.1494311848028271,0.03138247760195086,0.02586045656543112,0.029225495466642788,1.033284360507961,0.0,4.8906573755810685
TCGA-AK-3427,0.3741991208413627,1.6754412608435318,0.06525833058747521,0.10906878801436017,0.05895356535647622,0.02030008401045048,4.896492315798344
TCGA-BP-4983,0.3814712318872524,0.1763460045712657,0.0897163026482554,1.022078825654712,1.8847094911274973,1.9415533589878315,5.175910349485479
TCGA-CJ-4874,0.18472993684996572,0.05874612924204541,0.04166140888733589,0.3298811188306195,0.21220601105620399,0.977474052257195,4.994916367184566
TCGA-B0-4707,0.07311449270988629,0.02744424078871436,0.0,0.2481116218214965,0.8435638454391552,0.6669521048287053,3.8176277225331225
TCGA-CZ-5463,0.2863042894650468,0.11558159545691793,0.016401906462218403,0.26365869525130703,1.2352784793868894,0.029995465548126488,4.680674161998776
TCGA-CJ-5680,0.43032094644404345,0.12125520250188696,0.02212345974976794,0.3656810792601807,4.270141333316477,0.040392996261836116,4.425089728486505
TCGA-CJ-4893,0.2754140613417732,0.07744359687781341,0.017736396395640678,0.6349028098605601,0.5342975830599744,0.6491273176580061,4.702062897046165
TCGA-BP-4760,0.16330095322877652,0.0,0.0,0.2503851681782209,1.7766747221680248,0.0381042585069316,4.593554403254234
TCGA-CJ-4643,0.2014420199623143,0.2747429254610336,0.08067336828939227,0.2864260125864926,0.4575995375543251,0.2922598774012815,4.910328925650087
TCGA-BP-5202,0.09702211551603672,0.02008269246815032,0.016537571156493302,0.20164646754441826,0.2994868761627177,0.07444955330479787,4.577031345250403
TCGA-BP-4164,0.2513315956717127,0.05310557282407051,0.06523905584947969,0.1436252614078528,0.2480949769992402,0.2779751152798582,4.754107274269764
TCGA-B0-4817,0.10937102082461636,0.03553818177243774,0.29351836812716925,0.2026987522638009,2.967620794301253,0.27176819833574084,4.565527801585978
TCGA-B0-5713,0.2720133984763285,0.01629112645664957,0.0,0.18235918854694813,0.7949233599824408,0.6591987993811481,4.7605906302516745
TCGA-B0-4714,0.4293980689858667,0.10478764143870202,0.12821611064290922,0.7057119422044693,0.2399595569271221,2.23966602333217,4.865704892080204
TCGA-CZ-5457,0.24768532194359466,0.04906942978738594,0.0,0.12391353054693426,0.4604241730278156,0.15320569358241748,4.873763177911586
TCGA-B0-5099,0.22682798931662826,0.01803562450832018,0.0,0.1672514093655327,3.439055606932679,0.08001988049730005,4.287877465243683
TCGA-B0-4815,0.8706156053537162,0.09755002310233847,0.02060359861639489,1.339024086667179,4.442262199217684,3.0382970112842096,4.680924677405319
TCGA-BP-5183,0.31134601651733124,0.11388474338225398,0.0713048931323478,0.3635999039493219,0.15005297779809398,0.828473788660833,4.127104467607018
TCGA-B0-5120,0.10303698830138472,0.1258703573548557,0.0840428014332538,1.9193879021900055,2.6338798290714074,0.11458424190206473,4.621029002082788
TCGA-B2-5641,0.10768833177966768,0.2497062290862392,0.0,0.3558659765585807,0.26144244461038346,1.3693844657967895,4.1452238235898395
TCGA-A3-3347,0.4154518988781956,0.06944662190874057,0.0733365275167992,0.7970307327991449,0.9769606554546392,0.9337717812358446,4.366475884308389
TCGA-A3-A8CQ,0.12729062423029702,0.10531021371555953,0.0,0.18575571207200656,0.11215613658820643,0.1414254333123184,4.7777135569407525
TCGA-CZ-5470,0.20032857047790734,0.012647158676604956,0.0,0.594595052601288,0.7747225638116672,0.042558555094684,4.9423493640470975
TCGA-BP-5006,0.11033616523471472,0.014051632506244485,0.017315734615012145,0.21052740616346413,0.319800689636322,0.1661055198125634,4.709862296063528
TCGA-A3-A6NN,0.2259253685640218,0.06508617595910626,0.04618701777451554,0.12700133435099245,0.21207568799885226,0.3265937216035789,4.588240556223706
TCGA-CJ-4892,0.3031834155860861,0.0506763235388127,0.06226665352063046,0.4322283562216256,1.257896343911329,1.7787135057231838,4.827498408643414
TCGA-B8-A8YJ,0.2244992321444328,0.0550236045211314,0.18179086545571893,2.593551431401934,2.8530848946748883,0.025206173408107636,4.698297755006329
TCGA-CZ-4863,0.18691964265887484,0.04237884966114303,0.0,0.16206667034735964,1.6361669161107164,0.0,4.959168110341954
TCGA-B8-4151,0.15208486271405008,0.03196322705109017,0.0,0.20958179286614506,0.15006026745842305,0.02421688103175669,4.569255032311492
TCGA-B2-5633,0.14445516630068236,0.20867198097139414,0.054360011911102415,1.0457357337341533,1.042040373426428,1.0900905613810488,4.477009194940557
TCGA-DV-5576,0.10843084641534256,0.024747444539046846,0.0,0.034427736447276376,0.994794626071668,0.0,4.8010312219475475
TCGA-B0-4845,0.19757113093758166,0.0,0.12325247093672193,0.11200448428902872,0.9600903533610474,0.046526467878887263,5.113936743201013
TCGA-G6-A5PC,0.017162450021434385,0.012700353734323669,0.031136528495802663,0.06952208479712818,0.17605907955228733,0.3340709685726634,3.838762322192943
TCGA-CJ-5682,0.06090836805225273,0.06735267250293593,0.05562218609062864,0.12293506036639468,0.3399776436430873,0.4060040379988512,4.945555453093298
TCGA-BP-4995,0.21309304950086005,0.9982803178665576,0.028586434222867742,0.5667258235977108,0.5933070291805445,0.2546531792948463,4.458602668571263
TCGA-A3-3357,0.04631413136630457,0.08769483302875081,0.0,1.2092606467061613,0.5170494953397438,0.4898889128507238,4.230804689318424
TCGA-BP-4176,0.2715926633756686,0.2201079286174791,0.4314401474188808,1.6262171004662866,1.6528222496912386,0.279171190706411,4.793727526139522
TCGA-BP-5174,0.05500553110711177,0.008261549328799878,0.0,0.12191553609356699,0.08584527841134415,0.2729677420516741,4.099250408323236
TCGA-BP-4345,0.2660854617265068,0.04093277913131997,0.2616186603309593,0.8762173551984453,4.267911359374788,0.273524420402196,4.768843810412676
TCGA-B0-4700,0.2175792827316628,0.33410020173578514,0.1142777102118823,0.93661416283963,3.478599389642113,2.05327929127092,4.578432906897572
TCGA-BP-5186,0.210511105215274,0.10493780337226104,0.0,0.3509925590740343,0.3635162223442155,0.3218863979282271,4.702037525938748
TCGA-B0-4852,0.2082399596771776,0.1129277843349552,0.0517570047993357,0.3549738429304158,3.216016126579756,0.4881974339349642,4.904199919300785
TCGA-CJ-4900,0.29933155164904435,0.1030889671377663,0.051792685882470886,0.5613044578804482,3.3757818670799398,1.2076835688189125,4.737445150501474
TCGA-AK-3440,0.09726473562781106,2.1321998424136845,0.04019764671546144,0.1633472843405579,0.4983477847805939,0.036971844944987765,3.7318042665509266
TCGA-A3-3308,0.1502199369696864,0.1890975588812996,0.10131253874539972,0.4653903625071479,2.337026052468195,0.0705637034564475,4.703798595901498
TCGA-A3-A8OU,0.4837971281280611,0.03897541483663712,0.02416597090082445,0.2052622824017636,0.7761751107146038,0.16883388875975955,4.54551633567241
TCGA-MM-A563,0.19056696878454693,0.5467774009903963,0.3056606523960351,0.535109042091642,0.5385448021700501,0.8226623948553421,4.871848058335492
TCGA-CZ-5455,0.4275035927529126,0.11414303846597315,0.013888898220041421,0.6143204093807668,0.3471622210971173,1.4921107998729632,4.498540030247123
TCGA-B2-5636,0.20250974220416326,0.0,0.0,0.5249047667677764,1.09507843242365,0.06286967024125406,4.812435741535968
TCGA-B8-4148,0.5226857642243651,0.11847902784029392,0.11266555251206305,0.5901982549038558,0.13309590845171934,2.445588654188985,4.870925949019
TCGA-B0-5400,0.03493047878240828,0.0344179099644044,0.06305897338452679,0.3539239234490875,5.9253715716282365,0.4390809125426197,4.051718839012682
TCGA-BP-5180,0.04995377036209973,0.1154335817779218,0.14112818827974036,0.4700552070288018,0.4813117221754379,0.2351468377873724,4.265648348896443
TCGA-A3-3317,0.16933243115341232,0.2585814682143075,0.0430252354315701,0.692891210156181,0.2880943741966757,0.9289364558423046,4.6402441664087455
TCGA-B0-5698,0.12084966870479776,0.20243123131516005,0.2619665479482161,0.4910960232253909,1.504811055624215,0.4368665217579233,4.624137383182903
TCGA-BP-4787,0.08679958162652544,0.04645922076926723,0.13343281303141954,1.1474058935439428,2.7393111297357597,0.3748983473257417,4.074386108372371
TCGA-BP-4326,0.2315036969152311,0.03814494965550586,0.01894968803949105,0.5198690299790238,8.347408324732587,0.01741870176652854,4.166688868648324
TCGA-B0-5100,0.03765438013665392,0.0,0.022998945267959123,0.025994980159067385,2.9547359461419345,0.25329039276165943,4.894486987218515
TCGA-BP-5175,0.08766745585704606,0.057282491544432386,0.020451664632079036,0.12279847113705765,1.1404940078862098,0.33608971628907514,3.4931785392116512
TCGA-BP-4775,0.1304160459227017,0.1887890536961115,0.0609044834205031,0.6349872594780029,0.6976744055952001,0.307648194807716,4.9316943785363545
TCGA-B0-5088,0.2352545554693929,0.3708713983385611,0.2710064460525009,0.9360858311594252,1.0872112456961025,0.34813409622750635,4.421411705823762
TCGA-BP-5194,0.16870902500097346,0.07364989356598968,0.0,0.3970419956296645,0.4323896157566692,0.06966031942208495,4.781270865971709
TCGA-BP-5181,0.0569123163964995,0.0422656157284508,0.0,0.10392979425992044,0.2321222194776744,0.09409022407552753,4.642942586699592
TCGA-B8-5165,0.08472924307490358,0.09696642945156994,0.017569490915283717,0.8062138523516272,0.6867578949548845,0.032120005805177904,4.808858520852906
TCGA-CJ-4894,0.5102770086966948,0.33700344903304114,0.019792531868385036,0.5079159451062615,0.12386749948172232,1.9890184757957965,4.972905319742852
TCGA-A3-3329,0.31820627475869123,0.1085499584634546,0.13278160795477348,0.6022850736486471,1.592676586210361,0.3566741922617655,4.7609609504347965
TCGA-B0-4698,0.8223813106662332,0.03642791562674075,0.03595850130836815,0.4778153716296831,2.049425085193912,3.39479101678684,4.922535254375836
TCGA-CZ-5982,0.05692584619000157,0.03391909641813884,0.0,0.058674370485729876,0.5145747080650787,0.094112308246156,4.965173990848504
TCGA-BP-4797,0.08942622045802752,0.3059589655045693,0.06575366416001778,0.6900573141357541,0.26515128185480913,0.5465058789822739,4.0607972678004165
TCGA-BP-4354,0.18519465361169926,0.12798816477711447,0.08736259271544412,1.6839797583306668,5.471267940631472,1.0095054511742323,4.4146248621215936
TCGA-BP-4964,0.18576339595366012,0.12126485572292715,0.07988913130987564,0.30842777269819,0.7880448472302437,0.5359105370203788,4.5857625559740995
TCGA-CJ-4887,0.2721344732488041,0.2987454116265921,0.17140070788845435,0.6920145209162454,0.18454134645548256,1.5635354094456448,4.647114866647901
TCGA-B0-5075,0.04310166672208333,0.06942138068571417,0.04708074911387384,1.2787207719967228,0.33700666173869753,0.5431387549575347,4.292951771117068
TCGA-BP-5192,0.13631505484046566,0.007525327078116622,0.018497275951406912,0.26831532799905994,0.27425381392186665,0.11501366019237842,4.71547036458668
TCGA-B0-5119,0.238271282970693,0.0,0.04231087380600312,0.5238254131125082,0.31202298256132044,0.40937958113446377,4.88946922779566
TCGA-BP-4771,0.4272398824287821,0.2262251934445469,0.17077932505069388,1.1327557093425704,0.7481652328934538,3.1603620955398064,4.569359946641232
TCGA-B0-5812,0.2438746577503848,0.14197851821345356,0.01924643941266373,0.3659287839871169,1.5120705166626671,0.19919900849390365,5.213358729683159
TCGA-CJ-4873,0.2217197887253988,0.24380673832547084,0.0907135034814548,0.31586419630831564,0.844444165064117,0.6925097761305896,4.2825314426484224
TCGA-A3-3380,0.1432724270584926,0.10720941534429547,0.07639902371811969,0.25373000396133005,0.1793282525468027,0.07033809463926849,4.914218051317103
TCGA-BP-4756,0.08641824779170751,0.024467227737284568,0.020153514018595296,0.4832734945322769,0.09555171428740772,0.4318339011919499,4.033380005703563
TCGA-B0-5700,0.13737079072760666,0.05797892339141891,0.08502625703834359,0.2286239747977261,1.4074001884411458,0.1282334073664814,4.379710617339919
TCGA-B8-5159,0.11355817381674205,0.020005516569186102,0.0,0.17624457766433874,0.07847412451556962,0.25085901947923583,4.0669145752246125
TCGA-B0-4718,0.21057768500459967,0.17093703721829587,0.3364219487002295,0.21670606044696752,4.6017587612317765,0.2332412426779306,4.727816496566431
TCGA-BP-4776,0.34273586842573395,0.05606540779569536,0.06885916662501007,0.2553136592908447,3.050368579650143,0.2383631032256609,4.601867122366653
TCGA-B8-5163,0.13712761421256373,0.13518378268526893,0.13880222415240132,1.2281224562406141,2.2486520635483327,1.2468181367571822,4.410498880450605
TCGA-BP-5200,0.2242444035600162,0.12580639034517482,0.07189415816633299,1.1691181062549203,2.7270268757081007,0.489241942971016,4.629615356473652
TCGA-A3-3319,0.0377181775929112,0.0210231170504978,0.06803919025498549,0.5503373567870481,1.9064637431679787,0.5733978676744871,3.867239917826959
TCGA-B4-5377,0.12521767453429675,0.04441375958065418,0.06223250733304018,0.4584424208834088,0.415504658426568,0.2660207450629025,4.58701755021975
TCGA-BP-4334,0.10933107865034476,1.5975194915816715,0.03410429128326431,0.057412609456192476,0.2401601484928214,0.0,3.4070268962841164
TCGA-BP-4329,0.13030410922690858,0.07549635173265097,0.05626015326298813,0.5058350926613011,0.8272278177242969,0.15004474127612574,4.886315890071875
TCGA-B0-4819,0.3304280600773868,0.26754420793219263,0.32351206174233765,0.9408124184099508,4.477752536904117,2.4783606178394795,4.598283151282095
TCGA-BP-4976,0.04689686968918617,0.005858037503137913,0.028679831040913536,0.226978177049502,0.06883057094259219,0.0393762492602594,4.457228613020294
TCGA-B0-5693,0.16249040307187812,0.01941952847808313,0.04745037422424254,0.2613725857063293,1.3276989449645358,0.0219907414030028,4.886626226782603
TCGA-DV-5566,0.1987549167227929,0.02402185862397141,0.08697570115243172,0.3836899942682144,1.1800984803510348,0.20444259397604192,4.912994410413163
TCGA-CZ-5468,0.6193023399470662,0.007915633793313745,0.01945282805564804,0.6632588401191226,1.00947870400141,0.5718151023751783,4.28137479129756
TCGA-CJ-4637,0.3841155704944166,0.2596912382434546,0.18781227555292865,1.5101524666111357,2.793079639677065,3.4419445058097216,4.7030935286863675
TCGA-BP-4801,0.22156286657420124,0.04152612370691603,0.0,1.4086710800884783,1.0426120410228858,0.21271901673691107,4.357955745934004
TCGA-B0-5115,0.3872116061304505,0.2468834355438513,0.5031870449542309,0.4417170490719568,0.8679185619564809,0.3079931454394125,4.762208066695818
TCGA-BP-4799,0.09869141968117373,0.10898494330162034,0.06819386893938366,0.8285084613547234,2.6243100300230378,0.5600662667052856,4.871602007718786
TCGA-B0-5102,0.11173238343918893,0.11974251037404582,0.0,0.4933348093320499,1.9151964990893984,0.6109047233505334,4.6625213009908775
TCGA-BP-4973,0.20917431400561848,0.3629695412960125,0.10265136682647366,0.3427765744500929,0.33582259715423624,0.3998789239779651,4.35563191044828
TCGA-B8-A7U6,0.2586538233022025,0.11318040700633145,0.12365915383160447,1.1055535106561347,2.1997124151358287,0.0,4.8364895230915
TCGA-B0-5077,0.17709276949926456,0.15807517600704252,0.05062646349791755,0.3893499460625925,0.7283477661976264,0.4445909944440029,4.6428889366784825
TCGA-BP-4165,0.44594814393183,0.0,0.0,0.23438418962282145,0.4923494362653494,0.4549486015903948,4.71120335275775
TCGA-CJ-4905,0.0728864334824308,0.01374348628066629,0.016936427233116304,0.11125150763058872,0.2682794499287387,0.20399445231918745,5.010425808507623
TCGA-CZ-5460,0.2042543006424321,0.4191315915411852,0.10998895535255024,0.41805410282136857,2.099232814010365,0.4605168666337052,4.675912761393707
TCGA-B0-4839,0.03566557657384658,0.026436690016296213,0.0,0.17513590060500409,0.39242497953619626,0.3555538659734089,4.455539813228916
TCGA-AK-3431,0.09920654701050634,0.012591396741060062,0.2565990316398341,0.3850417747081317,1.5509630126113039,0.0,5.149890902385277
TCGA-A3-3324,0.13507786297736069,0.10849026085664573,0.1507090515394137,0.6203897737708945,0.4797993361047826,0.6145823664173067,4.470664826116336
TCGA-CW-5590,0.14520387835980098,0.055359424575822436,0.13293069439998986,0.12909185044548568,0.5701978113535867,0.3969179827085522,4.7010404129563215
TCGA-B8-5549,0.19484837092546525,0.04787296169137953,0.0,0.04459995540049684,1.1428399309440993,0.0,4.62854807299289
TCGA-GK-A6C7,0.21309046658103764,0.0398415255744151,0.096381827444565,0.2095665429344125,0.1725448290728388,0.1885797630968533,4.702439392688028
TCGA-AK-3455,0.4397849586407681,0.0,0.32501460018737904,0.7606940052400661,0.10847811041771824,2.257178012500779,5.0872180912598655
TCGA-CJ-5684,0.19368665276721386,0.07033221787790464,0.04378771902618738,0.4127705112721103,1.8312160133436275,0.5106353449455336,4.725126088497599
TCGA-BP-4991,0.13693610140209422,0.10241179530905838,0.030484328876874783,0.2622361871906264,0.3065742472078903,0.16055263925886235,4.8746152648510686
TCGA-A3-3306,0.09736184755149076,0.14165246464868908,0.0,0.1479651607222404,0.18608674633809616,0.134146624293402,4.585306155570373
TCGA-BP-5201,0.3724009690491457,0.2263030956955573,0.0187696352014476,0.9839575828461288,0.5322568802631741,1.9853406778096323,4.744291531667246
TCGA-B0-4710,0.08167653396076034,0.017631451064566532,0.021720882221937517,0.3789157564876485,3.78045784161528,0.3229204793706233,4.484253186094375
TCGA-CW-5591,0.06511772881594935,0.13310969795466165,0.05947369954781704,0.3802612595196725,0.43190203373501695,0.19127319142067173,4.510950660042705
TCGA-BP-5178,0.06658898782902344,0.11073267230394064,0.11917959023986364,0.6514087245572626,0.9497310958676216,0.10985181282304796,4.068575731977283
TCGA-B4-5838,0.10440244493547728,0.05878499963931015,0.0244648259473148,0.2434599267433281,0.3428272029136681,0.44507126565921096,4.491154695182468
TCGA-B8-A54H,0.2571853073459016,0.007155165282628062,0.0,0.1875156877865269,0.5372135938461938,0.6654509296468691,5.074455363033223
TCGA-B0-5104,0.14131048221455125,0.07133595017119737,0.053140351937869694,0.1909427846384304,2.025376294636234,0.20084950374228253,4.574898917890215
TCGA-AK-3453,0.4372479966565247,0.3886082581824457,0.2339092245896001,0.17985411323303052,0.0670861360793606,1.5293820489061374,4.60952959491994
TCGA-B0-4701,0.1897885883373308,0.18714537380850607,0.4423773182924659,0.4916067402384665,1.0828721325314477,0.5567617923609487,4.76222886767669
TCGA-B8-5550,0.14829061165621352,0.06762715745750053,0.0558497859005798,0.26419755532011363,0.3653489497812738,0.10101248482191932,4.472522980999852
TCGA-CJ-5689,0.09259903617478604,0.05204587861014341,0.0846421038658367,0.9750335652748576,5.469006630294757,0.3055987232791847,4.679275282298909
TCGA-AK-3451,0.04695157309424276,0.0,0.08448091654394986,0.41120241366766014,0.14889528604524332,0.10282282986167032,4.947949264631332
TCGA-BP-4169,0.2568261424439381,0.21656165505754832,0.09302365296410968,1.4994920035172357,6.782801194278697,0.5039894112839339,4.810493138788113
TCGA-B8-5553,0.13661648855399086,0.1426937903035523,0.021606818785468614,0.486675479642173,0.32537519205374704,0.8732433395184702,4.5399926226912415
TCGA-CJ-4912,0.11344347599163092,0.053497449741134434,0.026647679519683803,0.2507625421128413,2.95893378867437,0.07228612178365924,4.497277249121611
TCGA-A3-3320,0.14817939846900527,0.017630957872836413,0.06420375770225281,0.8938741973734805,0.6166116766058766,0.2738670184719976,4.8279933806877615
TCGA-B0-4697,0.5532391403647479,0.5329591512732142,0.3793158252840197,0.8657448810488603,3.298219668014992,2.3499819331905982,4.999430666640203
TCGA-A3-3374,0.0866720782586868,0.02454064785013584,0.0,0.8010394924847339,0.40941084056990223,0.0,3.3206793088179176
TCGA-BP-4967,0.1120641935682354,0.07736567406537337,0.04821084145046176,0.3365486590959205,0.8887332383339361,0.15636098243537586,4.396935424240425
TCGA-AK-3428,0.14998054885983986,0.0,0.11848733519319347,1.133859137551381,1.8756272023390856,0.10921171106457672,5.0831630738188265
TCGA-BP-5173,0.19198563737948307,0.1869774415691745,0.0,0.6018393259121189,0.6698473435022831,1.0295607947960892,4.583152459346564
TCGA-B0-4848,0.10426711170889437,0.011368132974241359,0.02788901563646708,0.5925928345848608,0.8666557726403229,0.2379639204935863,4.627769125943073
TCGA-B0-5703,0.32840136597775915,0.14921110012322694,0.05081102752521397,0.12599197262121467,1.2251157760437028,0.046747230324972085,4.972701332004782
TCGA-MM-A84U,0.23437706590989105,0.04625859247248838,0.028709235155496088,0.29561703129290023,1.1418336191828318,0.2887537138155637,4.308356304962885
TCGA-CJ-4638,0.1685874227021727,0.026187459492980344,0.06377389887947647,0.10662399818510374,0.15055708968568232,0.4137907027446087,4.254283244505528
TCGA-BP-4346,0.3907460376786756,0.3439647513548654,0.13384913887902194,0.8965704927223571,0.35661888677920706,2.230110560129073,4.761166069802318
TCGA-CJ-4901,0.5862154171584706,0.263487866860216,0.29246432523126525,0.6565844693062518,4.481229821538907,2.2164656506273777,4.494592984397909
TCGA-B0-4841,0.1751875725214151,0.0,0.0,0.02381566941746425,0.8572223808194468,0.11248931109392153,4.207102856812523
TCGA-CW-5585,0.03834583789906981,0.11050638186031547,0.01760315431930904,0.19641179174974985,0.3092033489937361,0.04800660907108576,4.422318406966482
TCGA-B0-5692,0.2948106447204533,0.19838820970912024,0.09238727163261468,0.6164835223188985,0.2698260024795319,2.192038286628695,4.442789713461616
TCGA-B0-5706,0.3045006715697513,0.07800910375062425,0.0,0.04135910047656277,0.7455009869206187,0.04472493286131921,4.838428231768786
TCGA-A3-3316,0.14845677212715985,0.15070321170373288,0.0,0.994255052654584,2.975633232764967,0.15504369227196768,4.9820535505194945
TCGA-BP-4338,0.025420506690997203,0.01882535479201109,0.015500995610857512,0.933998375733106,1.8314568759013363,0.08344654661816725,4.510158562763074
TCGA-B0-4827,0.04777381677365812,0.21932039910636225,0.10253162558219653,0.5443437851718115,3.0397724204198284,0.5145723515651293,4.313302815447627
TCGA-BP-4971,0.13756669161795607,0.4275725763513007,0.5359571904127336,0.6579429233015677,1.0601195534695598,0.7304027509538242,4.613519871997744
TCGA-B0-5702,0.0,0.0,0.0,0.0,0.513254255299005,0.0,3.9179420060290484
TCGA-B0-4822,0.2072750978541585,0.13468101105359553,0.0,0.295888374073544,2.96765785092202,0.19896303489671505,4.583940407262147
TCGA-B0-5707,0.15347136723206042,0.03226699141248013,0.0,0.2880605176532525,0.5487312655868046,0.11829469756301247,4.273030976614583
TCGA-B2-5639,0.06322457125055746,0.01583049490150187,0.07648610536085755,0.7726792173832524,0.3886781205053282,0.2631362789022489,4.788518451865952
TCGA-B2-3923,0.2368796855155857,2.449916334666957,0.0,0.2753944307984405,0.7898497220202582,0.11821424801341955,5.165901706916366
TCGA-BP-4803,0.033021232873497806,0.056465971593448676,0.0596437349153269,0.2713596220517666,0.9186094675874268,0.22408524561442872,4.363047051245136
TCGA-B0-4823,0.1212152346202445,0.12987510801503574,0.08148443998101915,0.9779937733660616,1.048578930401147,0.4439642866290372,4.787376779634741
TCGA-A3-3385,0.06744229188838756,0.014502204653648291,0.0,0.06950612946166049,0.009692479638648022,0.016426047250366022,4.333081370197248
TCGA-B0-5107,0.18002268464130433,0.0,0.0682683211105063,0.3391340981657186,0.12082868172665392,1.3297774990342268,4.713612525522522
TCGA-B0-4836,0.07063405908828707,0.15214999358339826,0.07708782956010989,0.23383070214225565,2.301090128081431,0.7125699418357834,4.7826505557438335
TCGA-A3-3335,0.09535593255183174,0.10907076119087286,0.11509320264050735,0.4101926841456601,1.7981599156585264,0.28234407802237105,4.21922098378537
TCGA-BP-4351,0.2544537929124154,0.0575799202884999,0.32327819234429594,0.2271389564753569,0.8814515110765979,0.2064390122777759,4.932677177639353
TCGA-BP-4335,0.3562432144727524,0.182076160264434,0.10647225717796804,0.5481288229130142,2.081032650560479,1.388707914280597,4.8047114577424015
TCGA-B0-4824,0.5383194859187849,0.10459010042931796,0.0,0.9420464090082032,0.5540853824895682,1.7434246883796476,4.973726562068944
TCGA-B8-4154,0.21440486156995564,0.0944364055016977,0.2226982845116537,0.6183203337215479,0.31118982462278033,0.6553992240264452,4.8648622609248005
TCGA-CJ-4890,0.2835348874223543,0.4239842575233619,0.22160590049434464,1.013463275434928,1.885140082400056,1.6648014633757828,4.757826358318726
TCGA-BP-4807,0.02959814982568865,0.02192735916571658,0.0,1.6199366796250445,2.066333687475423,0.252101401301148,4.773571285096065
TCGA-B8-4621,0.08120630367661577,0.04057153204720912,0.06614448357275891,0.5306312435477758,0.29673648672646685,0.0608799975199509,3.9124083645405037
TCGA-CJ-4884,0.2519248838654042,0.13645647761725496,0.10741403199972684,0.6426312712111109,0.5595262460712055,0.8706475072101278,4.728292746906572
TCGA-BP-4331,0.26851111301549,0.03982590713569535,0.03931329959315124,0.4838909399647308,0.13371248542595227,0.3835530741116543,4.5322080329422505
TCGA-DV-5575,0.4664180349484987,0.3883139709893564,0.04702742374306011,0.5636358399042478,1.3806526676320494,0.6722867390930769,4.908714427580584
TCGA-DV-5569,0.24384118535498545,0.042052006998005736,0.0,0.6352670007491008,3.159208306850091,0.24820717122972485,4.747709894141621
TCGA-CJ-5675,0.2910392179887108,0.02443974841194624,0.020130845717881117,0.7785704784058579,0.39964481914096217,2.3519583905210304,4.608151767533603
TCGA-B8-A54K,0.15902738456178905,0.07070064273391474,0.0,0.014377539621738447,0.05422370032136122,0.02327668896292068,4.661495890164868
TCGA-BP-4170,0.1934585121993852,0.06411108841013065,0.12062252788803947,0.7814485539736061,2.634173008421765,0.6422960784948997,4.7406125719466585
TCGA-AK-3425,0.1871211096788962,0.23316892180426485,0.051118362685142235,0.8689842894630314,1.5076192541544216,1.3546771816439436,4.699615573650067
TCGA-3Z-A93Z,0.4316778568374992,0.07545170856402518,0.037726860773204335,0.18256570429252209,0.3145278553079203,0.1966697548787595,4.7882006138791136
TCGA-B8-5545,0.10158384851699344,0.1937526926957408,0.0,0.8093104721127806,1.5251298252141507,0.16630862225685278,4.79778034299472
TCGA-CJ-4639,0.45021912389761615,0.08132213875202132,0.06721488014579402,0.7894996338759117,0.8682158277799978,1.2773959140157978,4.5228265683163205
TCGA-B8-4146,0.6484423448751118,0.07722704765414863,0.09469360960583,1.614855731694974,1.6662459463525237,1.6266143708637573,5.722941828248523
TCGA-BP-5195,0.07831080890294559,0.0935246720669195,0.018223269940161244,0.29879716051836497,0.6763733247058361,0.17435720866407733,4.531986940985551
TCGA-DV-5567,0.07109714976084054,0.02289463668178417,0.0,0.0935385540744554,0.6887779058832468,0.01733287850549079,4.451827433034183
TCGA-CZ-4854,0.3819974911529124,0.04653006297048102,0.09409600274743052,0.5130155711556289,1.4932608228990505,0.7279939267087215,4.396409225655999
TCGA-BP-4340,0.2598756611736858,0.028731732342078882,0.03536438634675914,0.4636714724861052,0.9853223949541228,0.1849677795314016,4.89230115700395
TCGA-B0-4844,0.0454885576365423,0.022585797585357014,0.10817382125500496,0.4472124029562095,1.1717302603636364,0.497047037058293,4.485881318342806
TCGA-BP-4774,0.3456707773648594,0.04065018621497656,0.07916827336396258,0.4340591813237454,1.676534231064593,0.14227979836329066,4.71945938048293
TCGA-B8-A54D,0.2368936039287089,0.06205349020219456,0.14853456071655732,0.3632202701681121,0.05533488077651296,2.186951137696962,4.717121167456313
TCGA-BP-5190,0.10034404533521067,0.03372697290356766,0.02089733182055116,0.1577645868424256,0.022590969646461213,0.1984296526160605,4.353511074103087
TCGA-B8-A54J,0.4045046963048228,0.12180764793116745,0.06568155059228539,0.2548845789863798,0.5227193776687826,0.5282681117530184,4.929870568571445
TCGA-CJ-4635,0.12448308457622488,0.2924537207726093,0.02932716389484798,0.7531300643239606,0.4737724249542902,1.092215912592793,4.655341112772142
TCGA-AS-3777,0.019064899212714283,0.4265382827118586,0.017388314293933112,0.16796803710032873,0.3134159863984596,0.10833050317922524,3.3857233098028257
TCGA-AK-3443,0.009327452565384215,0.9977101611217204,0.0,0.0,0.036441882166474836,0.0,4.176326068684178
TCGA-CW-6093,0.22441209787155111,0.008131636876886068,0.0,0.04482682869063439,0.3635941359401536,0.15745252510043695,5.007905212486182
TCGA-BP-5182,0.15316494570557007,0.04153520538263577,0.10039694049169458,1.7620866258564198,0.9084245124004896,0.27460988520027496,4.392327662133077
TCGA-B0-4813,0.18929766167309456,0.0,0.09722144542091687,0.25964770704924056,6.853043471562308,0.0304750238147506,5.086548109143164
TCGA-BP-5000,0.10924920513180396,0.5086511859251506,0.1086592845993267,0.27964346837588744,0.5650972572446495,0.6442828512896497,4.286757034897042
TCGA-A3-3323,0.08956076800884087,0.2404956333060137,0.10814285019055714,0.2340637114843633,0.3608341472744239,0.3222690185502652,4.448315482176861
TCGA-A3-3322,0.14289267366795486,0.03291668546280721,0.027127238382696792,1.1179904801249547,0.806859154646671,0.073566348570547,4.590898043540232
TCGA-BP-4960,0.16005564539305592,0.17636925060168995,0.16390898761429312,0.2860849200256634,4.663606812234961,0.3450628592795526,4.249893344313615
TCGA-B2-4098,0.05109712488710854,0.012753563136040091,0.0,0.8623653011305794,1.2971529554001957,0.2885430973702705,4.194299744748859
TCGA-BP-4781,0.1692244781636535,0.017580717581200108,0.0,0.994659987982222,1.7326162437657855,0.15208035566648875,4.7674240279232585
TCGA-B0-5399,0.30845634382238096,0.10611198140685188,0.13934226666146535,0.6083252553650468,0.5404359917134163,0.4708770034200246,4.911665243412604
TCGA-BP-4798,0.22023204715001027,0.01747356079174525,0.32833227804983384,0.5619399808499621,1.0348004415157903,2.7270759516510115,4.596651014992517
TCGA-EU-5906,0.2479116851066317,0.12743706498463905,0.04414600913284337,0.9844344620451464,1.0100092455655574,0.09303247697995697,4.81404365503168
TCGA-B0-5096,0.321209849373224,0.0,0.0,0.6541987367565785,2.587897626228937,0.11146209772534336,4.191097536402389
TCGA-BP-4158,0.12746060507748405,0.11356426803343107,0.024091885467249538,0.14377346793666504,0.21900951206140154,0.2643793906750743,4.881351430311536
TCGA-BP-4762,0.17372547805826374,0.1146756597678598,0.1209948012763763,0.8742972118915455,0.7536646287567623,0.09353050311254388,5.092444824383865
TCGA-BP-5189,0.04905909518595087,0.07191978326789464,0.025761630289560158,0.3961279795085539,0.6905443634633022,0.1036473175130624,4.467303541458096
TCGA-BP-4961,0.10692287723920638,0.07975674041227296,0.015480611259832452,0.22760113276442376,0.30943341087744913,0.06977950134035013,4.856580795970416
TCGA-B0-5701,0.0702040240148532,0.05219814654538637,0.03242072772832513,0.3301462194003396,0.3028039232435913,0.5034402026967212,4.306416108942076
TCGA-BP-4759,0.05354253781938375,0.06308651069849379,0.019753150374283258,0.10834457545782644,0.07339832645615234,0.10566841724435164,4.5244540249518295
TCGA-A3-A8OX,0.31038518232744955,0.3757343581689875,0.09839437155202498,0.35558721612148925,1.1565125586336844,0.3766063020854036,4.4731433542221595
TCGA-B0-4693,0.15591138360799164,0.011017116066511323,0.17938328822206095,0.6869824338552273,1.0945640744398208,0.7009436216907513,4.711293654270628
TCGA-CZ-4857,0.12116296290367212,0.2119285411414273,0.14597756413474966,0.5964822132849074,1.072987856659109,0.7664524451740641,4.263036321348322
TCGA-CJ-5686,0.16598971550807995,0.1044413170185184,0.13592604356102989,0.5878739013578149,3.035663396321892,0.4706794524923599,4.4585006206006375
TCGA-A3-3307,0.10665641246666104,0.0346340169324785,0.0565371375582465,0.19782136414731305,0.13391855133000405,0.2872456442778619,5.0233610409508405
TCGA-BP-4344,0.3471286818523457,0.05505864262005795,0.0,0.7781731041456369,1.5420616560129743,0.08241442071767406,4.9497902841172365
TCGA-BP-4959,0.04386912960400437,0.03254133062328942,0.06354325566500481,0.618196457370201,0.07696357343325315,0.029537124699185086,4.214784250847704
TCGA-AK-3458,0.10667946441314163,0.011639898363119024,0.26288724369151995,0.10989907701092752,0.07594467199944599,0.3510030487535175,5.152836862969504
TCGA-MM-A564,0.2368605995293873,0.0,0.1764656557808578,0.10246638541806047,0.9977666644549976,0.4631324232011781,5.033015676169625
TCGA-A3-3343,0.206290293451409,0.18585018487163296,0.1609126211044686,0.4859542892179642,0.5087140493668976,0.2004475842446172,4.442425891919732
TCGA-CZ-5459,0.1735484711970513,0.33519594904437633,0.025632865097652127,0.4164725906723025,3.284670459504256,0.4460652934764997,4.306643665734298
TCGA-BP-4981,0.15917611403452353,0.0,0.2415698464963129,0.11893453769736685,0.7570962827393091,0.2233764628488308,4.250679982248951
TCGA-A3-A6NL,0.3698660085627287,0.07329734687405186,0.026263137063378846,0.4585319014478799,0.8597561007134403,0.3827214872615593,4.6497638315666485
TCGA-BP-4987,0.09890088146399642,0.05199758143089246,0.0,0.1970636539028941,0.05932426997699911,0.5257934449953166,4.733620926421505
TCGA-BP-4993,0.23016894828262946,0.027395308639129725,0.0,0.2904156808835814,1.082081516688418,0.44586877592146396,4.750724092974674
TCGA-B0-4713,0.1998291758281141,0.05965728090031192,0.115478936236373,0.06646027732955227,0.5255077618223538,0.8044426217256299,3.8503830935040284
TCGA-CJ-4886,0.28759984892313084,0.2333203748467585,0.08661251491786875,0.385464969043694,1.5397524208654405,1.1793813688409274,4.8358487841226365
TCGA-CJ-4870,0.025823257172294767,0.00959384181031267,0.0,0.2577094751245973,0.5223365459922258,0.042993153374994285,4.582467055353083
TCGA-BP-4166,0.2771744434876221,0.11324033337234675,0.047648637423384516,0.4243150193814881,0.5035527424781654,0.3534891768481808,4.775679446744238
TCGA-BP-4970,0.23053062863091656,0.118155999128365,0.040844545719503536,0.4580039774325722,0.6359203131928108,0.7307879169037941,4.703680730658878
TCGA-CJ-4636,0.11849066577668928,0.2117771487155976,0.0,0.8872993609633285,0.7075164360058012,1.6960424295061762,4.707410624313788
TCGA-BP-4761,0.21401620523812384,0.07004420951035319,0.0,0.15425071773778382,0.6682940441823003,0.9169209080691768,3.1152836168309386
TCGA-T7-A92I,0.06021750478881568,0.0,0.03689199271901082,0.4656898379614415,0.1070809123145704,0.050597935420714266,4.598188281119616
TCGA-B8-5162,0.20786672908282366,0.3866612154327096,0.16216150498253312,1.8239796243066309,1.28188144960469,0.8852000980448405,4.7093592103577855
TCGA-B8-5551,0.31740374410102673,0.3637006230368696,0.024681305821568137,1.5522696489466874,2.157768453600081,2.098102404442129,4.456862714479428
TCGA-B0-5402,0.1026565708038008,0.038780496724773225,0.09386320812854802,0.5856658808004693,1.5672090022419385,0.3185082557743818,4.668927137018822
TCGA-BP-5004,0.1643020571363551,0.12877966718829748,0.044624733348394466,0.4699508703513889,0.20528488183276905,0.14512342716598453,4.1309182336812045
TCGA-BP-4765,0.24940998134454645,0.01482487948346101,0.0,0.6959515993752325,1.0387373350211428,0.033389373729234686,4.5126604461335615
TCGA-BP-5009,0.1413423062821562,0.08002834966052014,0.15999133593565784,0.5953903907312724,1.1241952167272873,0.5385785753704645,4.538352917832481
TCGA-A3-3331,0.18565602313268825,0.03801875508211455,0.09205345144795997,1.14737913918027,1.3525558089601253,0.4211271643423597,4.612985119870399
TCGA-BP-4974,0.2977900581792933,0.1853928485472892,0.1105105850622574,0.6442871815693068,3.2229301243978394,0.06448580598744934,4.844261346940026
TCGA-A3-3328,0.1522088790230279,1.7853600618806087,0.0,0.11237343202848203,0.3533253066567153,0.0,4.54211694264138
TCGA-B8-4153,0.2678619713784107,0.02158552872386208,0.02658365118826566,0.1025184236500342,0.3579770386497696,0.09537410763550286,4.636410509100734
TCGA-AK-3434,0.3612108737686331,0.0,0.09062752318110928,0.11846763940565315,0.4460793224039748,0.542658121445763,5.055780422625211
TCGA-BP-4782,0.11137190304296904,0.08310772055474044,0.0,0.5975812746240832,0.17198584074491907,0.4887738107547303,4.51571813699655
TCGA-CJ-4895,0.07626273065403971,0.019160067590179845,0.2802639082514145,1.268406502406399,5.666073841294633,0.5255047151063013,4.8496939392233935
TCGA-CJ-4640,0.2759799127553715,0.2995516355011216,0.02039116771807575,0.5764908633516532,0.5779323112563989,1.6589105007521725,4.781168450351385
TCGA-BP-4343,0.17565651663511178,0.2275357299498658,0.1167669070942565,0.9733336942822792,0.4389676089863748,0.9711338508112044,4.846683702991948
